summary_name,sampling_log_id__sampling_log_name,sample_name,observed_at,exclude
DK201C5,ai4sh_dk_foulum_2024,201-c5@0-20,20241110,
DK207C5,ai4sh_dk_foulum_2024,207-c5@0-20,20241110,
DK3662C5,ai4sh_dk_foulum_2024,366-2-c5@0-20,20241110,
DK297C5,ai4sh_dk_foulum_2024,297-c5@0-20,20241110,
DK191C5,ai4sh_dk_foulum_2024,191-c5@0-20,20241110,
DK230C5,ai4sh_dk_foulum_2024,230-c5@0-20,20241110,
DK210C5,ai4sh_dk_foulum_2024,210-c5@0-20,20241110,
DK256C5,ai4sh_dk_foulum_2024,256-c5@0-20,20241110,
DK307C5,ai4sh_dk_foulum_2024,307-c5@0-20,20241110,
DK279C5,ai4sh_dk_foulum_2024,279-c5@0-20,20241110,
DK219C5,ai4sh_dk_foulum_2024,219-c5@0-20,,suspected failed sample: prokaryote observed richness 80 and simpson 0.497 (other samples ~0.99)
D32,ai4sh_dk_foulum_2024,TVED_c5@0-20,,sample TVED_c5 is not registered in sampling log ai4sh_dk_foulum_2024
S4AAISBL,ai4sh_se_loennstorp_2024,4-a@0-20,20241110,
S5AAISBL,ai4sh_se_loennstorp_2024,5-a@0-20,20241110,
S16AORGSBL,ai4sh_se_loennstorp_2024,16-a@0-20,20241110,
S20AREFSB,ai4sh_se_loennstorp_2024,20-a@0-20,20241110,
S24APER,ai4sh_se_loennstorp_2024,24-a@0-20,20241110,
S51CORGSBL,ai4sh_se_loennstorp_2024,51-c@0-20,20241110,
S60CAIapple,ai4sh_se_loennstorp_2024,60-c@0-20,20241110,
S55CPERCBP,ai4sh_se_loennstorp_2024,55-c@0-20,20241110,
S61CAISBL,ai4sh_se_loennstorp_2024,61-c@0-20,20241110,
S72CREFSB,ai4sh_se_loennstorp_2024,72-c@0-20,20241110,
S79DAISBL,ai4sh_se_loennstorp_2024,79-d@0-20,20241110,
S80DAISBL,ai4sh_se_loennstorp_2024,80-d@0-20,20241110,
S91DORGSBL,ai4sh_se_loennstorp_2024,91-d@0-20,20241110,
S95DREFSB,ai4sh_se_loennstorp_2024,95-d@0-20,20241110,
S99DPERCBD,ai4sh_se_loennstorp_2024,99-d@0-20,20241110,
S1SandyFarm,ai4sh_se_loennstorp_2024,1-sand@0-20,20241110,
S2SandyFarm,ai4sh_se_loennstorp_2024,2-sand@0-20,20241110,
S3organic,ai4sh_se_loennstorp_2024,3-organic@0-20,20241110,
S4organic,ai4sh_se_loennstorp_2024,4-organic@0-20,20241110,
S5organic,ai4sh_se_loennstorp_2024,5-organic@0-20,20241110,
S9sandy,ai4sh_se_loennstorp_2024,9-sand@0-20,20241110,
H1R020,ai4sh_hr_neretva_2024,1-r@0-20,20241110,
H2R020,ai4sh_hr_neretva_2024,2-r@0-20,20241110,
H3R020,ai4sh_hr_neretva_2024,3-r@0-20,20241110,
H4R020,ai4sh_hr_neretva_2024,4-r@0-20,20241110,
H5R020,ai4sh_hr_neretva_2024,5-r@0-20,20241110,
H6R020,ai4sh_hr_neretva_2024,6-r@0-20,20241110,
H7R020,ai4sh_hr_neretva_2024,7-r@0-20,20241110,
H7R2050cm,ai4sh_hr_neretva_2024,7-r@20-50,20241110,
H8R020,ai4sh_hr_neretva_2024,8-r@0-20,20241110,
H9R020,ai4sh_hr_neretva_2024,9-r@0-20,20241110,
H10R,ai4sh_hr_neretva_2024,10-r@0-20,20241110,
H11R020,ai4sh_hr_neretva_2024,11-r@0-20,20241110,
H12R020,ai4sh_hr_neretva_2024,12-r@0-20,20241110,
F1R020,ai4sh_fi_jokioinen_2024,1-r@0-20,20241110,
F2R020,ai4sh_fi_jokioinen_2024,2-r@0-20,20241110,
F4R020,ai4sh_fi_jokioinen_2024,4-r@0-20,20241110,
F5R020,ai4sh_fi_jokioinen_2024,5-r@0-20,20241110,
F6R020,ai4sh_fi_jokioinen_2024,6-r@0-20,20241110,
F7R020,ai4sh_fi_jokioinen_2024,7-r@0-20,20241110,
F8R020,ai4sh_fi_jokioinen_2024,8-r@0-20,20241110,
F9R020,ai4sh_fi_jokioinen_2024,9-r@0-20,20241110,
F10R020,ai4sh_fi_jokioinen_2024,10-r@0-20,20241110,
F11R020,ai4sh_fi_jokioinen_2024,11-r@0-20,20241110,
F12R020,ai4sh_fi_jokioinen_2024,12-r@0-20,20241110,
F13R020,ai4sh_fi_jokioinen_2024,13-r@0-20,20241110,
F14R020,ai4sh_fi_jokioinen_2024,14-r@0-20,20241110,
F15R020,ai4sh_fi_jokioinen_2024,15-r@0-20,20241110,
F16R020,ai4sh_fi_jokioinen_2024,16-r@0-20,20241110,
F17R020,ai4sh_fi_jokioinen_2024,17-r@0-20,20241110,
F18R020,ai4sh_fi_jokioinen_2024,18-r@0-20,20241110,
F19R020,ai4sh_fi_jokioinen_2024,19-r@0-20,20241110,
F20R020,ai4sh_fi_jokioinen_2024,20-r@0-20,20241110,
F21R020,ai4sh_fi_jokioinen_2024,21-r@0-20,20241110,
F22R020,ai4sh_fi_jokioinen_2024,22-r@0-20,20241110,
F23R020,ai4sh_fi_jokioinen_2024,23-r@0-20,20241110,
F24R020,ai4sh_fi_jokioinen_2024,24-r@0-20,20241110,
F25R020,ai4sh_fi_jokioinen_2024,25-r@0-20,20241110,
H1,ai4sh_nl_boermarke-zeijen_2025,1@0-20,20250515,
H10,ai4sh_nl_boermarke-zeijen_2025,7@0-20,20250515,
H11,ai4sh_nl_boermarke-zeijen_2025,8@0-20,20250515,
H12,ai4sh_nl_boermarke-zeijen_2025,10@0-20,20250515,
H13,ai4sh_nl_boermarke-zeijen_2025,11@0-20,20250515,
H14,ai4sh_nl_boermarke-zeijen_2025,12@0-20,20250515,
H15,ai4sh_nl_boermarke-zeijen_2025,13@0-20,20250515,
H16,ai4sh_nl_boermarke-zeijen_2025,14@0-20,20250515,
H17,ai4sh_nl_boermarke-zeijen_2025,15@0-20,20250515,
H18,ai4sh_nl_boermarke-zeijen_2025,16@0-20,20250515,
H19,ai4sh_nl_boermarke-zeijen_2025,17@0-20,20250515,
H2,ai4sh_nl_boermarke-zeijen_2025,1-extra@0-20,20250515,
H20,ai4sh_nl_boermarke-zeijen_2025,18@0-20,20250515,
H21,ai4sh_nl_boermarke-zeijen_2025,20@0-20,20250515,
H22,ai4sh_nl_boermarke-zeijen_2025,21@0-20,20250515,
H23,ai4sh_nl_boermarke-zeijen_2025,22@0-20,20250515,
H24,ai4sh_nl_boermarke-zeijen_2025,23@0-20,20250515,
H25,ai4sh_nl_boermarke-zeijen_2025,25@0-20,20250515,
H26,ai4sh_nl_boermarke-zeijen_2025,25-26-extra@0-20,20250515,
H27,ai4sh_nl_boermarke-zeijen_2025,28@0-20,20250515,
H28,ai4sh_nl_boermarke-zeijen_2025,29@0-20,20250515,
H29,ai4sh_nl_boermarke-zeijen_2025,30@0-20,20250515,
H3,ai4sh_nl_boermarke-zeijen_2025,1-extra@20-50,20250515,
H30,ai4sh_nl_boermarke-zeijen_2025,31@0-20,20250515,
H31,ai4sh_nl_boermarke-zeijen_2025,32@0-20,20250515,
H4,ai4sh_nl_boermarke-zeijen_2025,1@20-50,20250515,
H5,ai4sh_nl_boermarke-zeijen_2025,2@0-20,20250515,
H6,ai4sh_nl_boermarke-zeijen_2025,2@20-50,20250515,
H7,ai4sh_nl_boermarke-zeijen_2025,3@0-20,20250515,
H8,ai4sh_nl_boermarke-zeijen_2025,4@0-20,20250515,
H9,ai4sh_nl_boermarke-zeijen_2025,6@0-20,20250515,
UK43,ai4sh_gb-eng_woodoaks_2025,p-1@0-20,20250515,
UK33,ai4sh_gb-eng_woodoaks_2025,p-2@0-20,20250515,
UK34,ai4sh_gb-eng_woodoaks_2025,p-3@0-20,20250515,
UK35,ai4sh_gb-eng_woodoaks_2025,p-4@0-20,20250515,
UK36,ai4sh_gb-eng_woodoaks_2025,p-6@0-20,20250515,
UK38,ai4sh_gb-eng_woodoaks_2025,p-7@0-20,20250515,
UK39,ai4sh_gb-eng_woodoaks_2025,p-8@0-20,20250515,
UK40,ai4sh_gb-eng_woodoaks_2025,p-9@0-20,20250515,
UK41,ai4sh_gb-eng_woodoaks_2025,p-10@0-20,20250515,
UK42,ai4sh_gb-eng_woodoaks_2025,p-11@0-20,20250515,
UK37,ai4sh_gb-eng_woodoaks_2025,c-6@0-20,20250515,
OSC523,ai4sh_fr_estrees-mons_2025,a03-1@0-20,20250515,
OSC524,ai4sh_fr_estrees-mons_2025,a12-1@0-20,20250515,
OSC525,ai4sh_fr_estrees-mons_2025,a13-1@0-20,20250515,
OSC526,ai4sh_fr_estrees-mons_2025,a22-1@0-20,20250515,
OSC527,ai4sh_fr_estrees-mons_2025,a04-1@0-20,20250515,
OSC528,ai4sh_fr_estrees-mons_2025,a11-1@0-20,20250515,
OSC529,ai4sh_fr_estrees-mons_2025,a15-1@0-20,20250515,
OSC530,ai4sh_fr_estrees-mons_2025,a19-1@0-20,20250515,
OSC531,ai4sh_fr_estrees-mons_2025,a28-1@0-20,20250515,
OSC532,ai4sh_fr_estrees-mons_2025,a28-2@0-20,20250515,
OSC533,ai4sh_fr_estrees-mons_2025,a28-3@0-20,20250515,
T01,ai4sh_gr_zazari_2025,1@0-20,20250515,
T02,ai4sh_gr_zazari_2025,2@0-20,20250515,
T03,ai4sh_gr_zazari_2025,3n@0-20,20250515,
T04,ai4sh_gr_zazari_2025,4@0-20,20250515,
T05,ai4sh_gr_zazari_2025,5@0-20,20250515,
T06,ai4sh_gr_zazari_2025,6@0-20,20250515,
T07,ai4sh_gr_zazari_2025,7@0-20,20250515,
T10,ai4sh_gr_zazari_2025,10@0-20,20250515,
T11,ai4sh_gr_zazari_2025,11@0-20,20250515,
T12,ai4sh_gr_zazari_2025,12@0-20,20250515,
T13,ai4sh_gr_zazari_2025,13@0-20,20250515,
T21,ai4sh_gr_zazari_2025,21@0-20,20250515,
T25,ai4sh_gr_zazari_2025,25@0-20,20250515,
T31,ai4sh_gr_zazari_2025,31@0-20,20250515,
T36,ai4sh_gr_zazari_2025,36@0-20,20250515,
T38,ai4sh_gr_zazari_2025,38@0-20,20250515,
T40,ai4sh_gr_zazari_2025,40@0-20,20250515,
T41,ai4sh_gr_zazari_2025,41@0-20,20250515,
T45,ai4sh_gr_zazari_2025,45@0-20,20250515,
T46,ai4sh_gr_zazari_2025,46@0-20,20250515,
T49,ai4sh_gr_zazari_2025,49@0-20,20250515,
T51,ai4sh_gr_zazari_2025,51@0-20,20250515,
T52,ai4sh_gr_zazari_2025,52@0-20,20250515,
T53,ai4sh_gr_zazari_2025,53@0-20,20250515,
T54,ai4sh_gr_zazari_2025,54@0-20,20250515,
T55,ai4sh_gr_zazari_2025,55@0-20,20250515,
T56,ai4sh_gr_zazari_2025,56@0-20,20250515,
T57,ai4sh_gr_zazari_2025,57@0-20,20250515,
T58,ai4sh_gr_zazari_2025,58@0-20,20250515,
T59,ai4sh_gr_zazari_2025,59@0-20,20250515,
T60,ai4sh_gr_zazari_2025,60@0-20,20250515,
T61,ai4sh_gr_zazari_2025,61@0-20,20250515,
T62,ai4sh_gr_zazari_2025,62@0-20,20250515,
T63,ai4sh_gr_zazari_2025,63@0-20,20250515,
T64,ai4sh_gr_zazari_2025,64@0-20,20250515,
B109,ai4sh_es_arkaute_2024,10-1@0-20,20241128,
B110,ai4sh_es_arkaute_2024,10-1@20-50,20241130,
B111,ai4sh_es_arkaute_2024,10-2@0-20,20241111,
B112,ai4sh_es_arkaute_2024,10-2@20-50,20241113,
B113,ai4sh_es_arkaute_2024,10-3@0-20,20241115,
B114,ai4sh_es_arkaute_2024,10-3@20-50,20241117,
B115,ai4sh_es_arkaute_2024,10-4@0-20,20241119,
B116,ai4sh_es_arkaute_2024,10-4@20-50,20241121,
B117,ai4sh_es_arkaute_2024,10-5@0-20,20241123,
B118,ai4sh_es_arkaute_2024,10-5@20-50,20241125,
B119,ai4sh_es_arkaute_2024,10-6@0-20,20241127,
B120,ai4sh_es_arkaute_2024,10-6@20-50,20241129,
